{"cameraMode":{"drawMode":0,"name":"Shaded","section":"Shading Mode"},"sceneLighting":true,"audioPlay":false,"sceneViewState":{"m_AlwaysRefresh":false,"showFog":true,"showSkybox":false,"showFlares":true,"showImageEffects":true,"showParticleSystems":true,"showVisualEffectGraphs":true,"m_FxEnabled":false},"in2DMode":false,"pivot":{"x":21.25954246520996,"y":11.717205047607422,"z":12.90132999420166},"rotation":{"x":-0.18735839426517487,"y":0.09179197996854782,"z":-0.01758909970521927,"w":-0.9778433442115784},"size":29.665523529052736,"orthographic":false}